Question,Answer
"Why does Lynch emphasize researching companies thoroughly?","He believes in-depth research uncovers hidden growth opportunities and reduces guesswork."
"Why does Lynch recommend focusing on long-term growth?","He sees compounding returns as a powerful driver of wealth over many years."
"What does Lynch consider when evaluating a company's management?","He examines leadership's track record, honesty, and strategic vision."
"Why does Lynch think individual investors have an advantage?","He believes they can act faster than institutional investors and spot local trends early."
"How does Lynch suggest dealing with market volatility?","He advises maintaining a long-term perspective rather than reacting emotionally to price swings."
"Why does Lynch stress understanding a company's products?","He believes familiar products indicate simpler business models and clearer growth drivers."
"What is Lynch's approach to portfolio diversification?","He spreads investments across different sectors but still focuses on companies he understands."
"Why does Lynch emphasize the PEG ratio?","He feels it combines growth with valuation, revealing whether a stock is fairly priced."
"What does Lynch say about ignoring short-term price movements?","He warns that short-term fluctuations can distract from a company's true fundamentals."
"How does Lynch interpret a company's debt levels?","He prefers firms with manageable debt that won't strain earnings during downturns."
"Why does Lynch believe in visiting company stores or offices?","He values firsthand observations to gauge product appeal and customer satisfaction."
"What is Lynch's stance on cyclical stocks?","He invests when demand is low and prices are depressed, anticipating a rebound in the cycle."
"How does Lynch advise handling stock splits?","He views splits as a neutral event but watches for improved liquidity and investor interest."
"What does Lynch look for in balance sheets?","He focuses on strong cash positions, reasonable liabilities, and healthy equity growth."
"Why does Lynch focus on a company's growth stage?","He tailors his strategy to whether the firm is emerging, maturing, or in decline."
"How does Lynch view insider ownership?","He sees it as a sign that management believes in the firm's prospects and is aligned with shareholders."
"Why does Lynch advise against market timing?","He believes it’s nearly impossible to predict short-term highs or lows accurately."
"What does Lynch consider a fair P/E ratio?","He typically weighs the P/E against the growth rate, preferring ratios below the company's growth percentage."
"Why does Lynch stress the importance of earnings growth?","He sees consistent earnings increases as the foundation for long-term share price appreciation."
"How does Lynch handle economic recessions?","He looks for bargains in solid companies, expecting them to recover strongly in the next upturn."
"What does Lynch think about following stock tips?","He warns that tips lack thorough research and often lead to impulsive decisions."
"Why does Lynch prefer understandable businesses?","He believes if you can’t explain how a company makes money, you shouldn’t invest in it."
"How does Lynch measure a company's competitiveness?","He checks market share trends, brand power, and the uniqueness of products or services."
"Why does Lynch pay attention to industry trends?","He thinks industry tailwinds can boost growth and bolster a company’s long-term potential."
"What is Lynch's perspective on dividend-paying stocks?","He sees them as a sign of stability but also checks if the payout fits the company's growth phase."
"Why does Lynch emphasize thorough company research?","He states that real value is found by examining fundamentals, not by chasing the crowd."
"Why does Lynch focus on sustainable long-term growth?","He argues that steady compounding outperforms quick speculation over time."
"What does Lynch analyze in a management team?","He observes how leaders allocate capital, manage costs, and communicate transparently."
"Why does Lynch see individual investors as more flexible?","He notes they aren’t constrained by bureaucracy and can adjust positions quickly."
"How does Lynch cope with sudden market drops?","He suggests viewing them as a sale on stocks, not a catastrophe."
"Why does Lynch care about product lines?","He believes robust product offerings can protect a firm from single-product failures."
"What is Lynch’s method for diversifying a portfolio?","He invests in multiple industries while sticking to companies he comprehends."
"Why does Lynch use the PEG ratio as a key metric?","He wants to compare a company's valuation with its growth rate for a balanced view."
"How does Lynch deal with daily price fluctuations?","He ignores them unless there's a fundamental change, focusing on long-term growth."
"How does Lynch evaluate corporate debt?","He checks interest coverage and whether debt levels are sustainable over the economic cycle."
"Why does Lynch personally visit companies?","He gathers direct insights on operations and customer engagement."
"What is Lynch's approach to investing in cyclical industries?","He enters when demand is weak, expecting an upswing later."
"Why does Lynch see stock splits as relatively neutral?","He views splits as cosmetic changes that don't alter fundamental value."
"What balance sheet signs does Lynch like?","He looks for high liquidity, low leverage, and a history of stable or rising assets."
"Why does Lynch distinguish between fast and slow growers?","He adapts strategy to the firm's potential: slow growers for dividends, fast for capital gains."
"How does Lynch interpret insider buying?","He sees it as a signal that executives foresee better performance ahead."
"Why is market timing discouraged by Lynch?","He emphasizes time in the market over guessing when to jump in or out."
"How does Lynch gauge a fair valuation via P/E?","He matches the P/E ratio to the company's growth prospects and industry norms."
"Why are rising earnings so crucial to Lynch's picks?","He believes rising earnings drive share prices upward over time."
"How does Lynch treat market downturns?","He hunts for undervalued gems, anticipating an eventual recovery."
"Why does Lynch caution against random tips?","He thinks they lack serious analysis and often mislead investors."
"What makes a business 'understandable' to Lynch?","He insists on clarity in how money is made and the factors driving growth."
"How does Lynch quantify competitive advantages?","He looks for pricing power, barriers to entry, and unique market positions."
"Why does Lynch track macro trends in an industry?","He believes tailwinds can lift good companies to even better performance."
"How does Lynch view dividends in growth stocks?","He checks whether payouts hinder reinvestment or fit the firm's growth trajectory."
"Why does Lynch advise in-depth fundamental analysis?","He finds undervalued companies by studying their real-world performance."
"Why does Lynch value patience in long-term investing?","He knows compounding needs time to work effectively."
"What attributes does Lynch seek in strong leadership?","He likes teams with consistent success, prudent capital use, and open communication."
"How does Lynch see individual investors’ reaction time?","He claims they can seize local trends faster than large fund managers."
"How should investors respond to wild price swings, per Lynch?","They should stick to their research and resist emotional trades."
"Why does Lynch evaluate a firm's product quality?","He believes a high-quality product line supports lasting customer loyalty."
"What is Lynch's diversification formula?","He splits holdings across multiple sectors while focusing on familiar industries."
"Why is the PEG ratio favored by Lynch?","It blends growth expectations with current earnings to spot fair value."
"How does Lynch treat daily market noise?","He filters it out, focusing on whether the investment thesis still holds."
"What debt metrics does Lynch check?","He reviews debt-to-equity ratios and the ability to service interest."
"Why does Lynch do on-site company visits?","He wants real-world confirmation of the brand's reputation and demand."
"What approach does Lynch take for cyclical stock entries?","He buys when market sentiment is low, expecting an upcoming rebound."
"How does Lynch regard stock splits fundamentally?","He sees no intrinsic value shift, just a smaller share price for accessibility."
"What signals on a balance sheet does Lynch favor?","He looks for consistently growing equity and reasonable liabilities."
"Why does Lynch categorize firms by growth rate?","He tailors strategy—high-growth demands different evaluation than slow-growth firms."
"How does Lynch read insider selling?","He’s cautious but examines context—people sell for many reasons, not just trouble."
"Why is market timing not part of Lynch's strategy?","He says consistent investment beats attempting to predict short-term movements."
"What’s Lynch’s approach to the P/E ratio?","He weighs the ratio against the company’s growth rate, seeking undervaluation."
"Why focus on earnings trends, according to Lynch?","He sees them as leading indicators of long-term stock performance."
"How does Lynch capitalize on recessions?","He buys quality names on discount, expecting a rebound later."
"Why does Lynch advise skepticism toward hot tips?","He believes they rarely come with sufficient due diligence."
"Which businesses does Lynch find understandable?","He prefers those with simple, transparent operations and clear revenue streams."
"How does Lynch determine if a firm is competitive?","He looks for industry leadership, patent protection, or brand strength."
"Why does Lynch watch shifts in industry demand?","He wants companies riding favorable trends to expand market share."
"How does Lynch weigh dividends for younger companies?","He’s cautious if dividends limit reinvestment needed for growth."
"Why does Lynch call for extensive fundamental checks?","He says it’s the best way to detect undervalued or overlooked stocks."
"Why does Lynch champion a long-term mindset?","He argues quick trades often miss the compounding of solid businesses."
"What qualifies strong management for Lynch?","He looks for innovation, ethical leadership, and consistent profitability."
"How do individual investors outmaneuver big funds, per Lynch?","They can target smaller firms that big funds ignore."
"What is Lynch’s strategy when stocks swing wildly?","He stays focused on fundamentals and doesn’t sell just because of price drops."
"Why is product research vital to Lynch?","He believes firsthand knowledge confirms a company's real market acceptance."
"What’s Lynch’s best practice for spreading risk?","He diversifies, but only into companies he deeply understands."
"Why the emphasis on PEG ratio for Lynch?","It helps balance current valuation with future growth potential."
"How does Lynch approach short-term volatility?","He sees it as background noise, focusing on multi-year performance."
"What are Lynch’s red flags in company debt?","Extremely high leverage or insufficient cash flow to cover interest."
"Why does Lynch personally evaluate a company's environment?","He wants tangible insights beyond just financial statements."
"How does Lynch time his entry into cyclical stocks?","He positions himself during the sector’s slump, anticipating recovery."
"Why doesn’t Lynch get excited by stock splits?","He knows they don't change a firm's underlying earnings power."
"What are Lynch’s must-haves on a balance sheet?","He wants clean bookkeeping, stable assets, and no hidden liabilities."
"Why does Lynch group companies by growth categories?","He tailors the holding period and expectations based on the growth category."
"How does Lynch interpret heavy insider buying?","He sees it as a bullish sign that management predicts a favorable outlook."
"What is Lynch’s stance on short-term market predictions?","He believes they’re a distraction from the real task of stock picking."
"How does Lynch connect the P/E ratio to company worth?","He compares it with earnings growth to spot overvaluation or undervaluation."
"Why watch for earnings expansion, per Lynch?","He knows consistent profits drive the stock price up over time."
"How does Lynch respond to financial crises?","He searches for strong businesses trading well below intrinsic value."
"Why dismiss hot stock tips, according to Lynch?","They often reflect hype rather than solid financial grounds."
"Which sectors does Lynch deem 'understandable'?","He focuses on everyday industries like retail, consumer goods, or utilities."
"How does Lynch confirm a competitive edge?","He identifies unique selling points, brand loyalty, or cost advantages."
"Why observe macro developments in industries, per Lynch?","He looks for those likely to expand rapidly over the next years."
"What’s Lynch’s philosophy on dividend yield?","He sees it as a bonus but not at the cost of stunting company growth."
"Why is robust fundamental analysis critical for Lynch?","He bases his investment decisions on facts, not speculation."
"Why does Lynch emphasize the power of patience?","He believes compounding returns only manifest significantly over time."
"What traits in management win Lynch’s favor?","He values transparent accounting, sensible investments, and shareholder-friendly policies."
"How can small investors beat bigger ones, according to Lynch?","They can invest in overlooked local businesses or niche markets quickly."
"What does Lynch propose when markets become volatile?","He advises confirming if the underlying business remains solid, then holding."
"Why is product knowledge a cornerstone for Lynch?","He wants to understand the actual demand and consumer perception."
"How does Lynch handle portfolio diversification?","He diversifies enough to manage risk but not so much that he can’t keep track."
"What does the PEG ratio reveal for Lynch?","It indicates whether the current price matches the growth outlook."
"Why ignore intraday price changes, per Lynch?","He sees them as noise that rarely impacts a company's real trajectory."
"How does Lynch gauge acceptable debt?","He looks at the ratio of debt to earnings and the company's ability to pay it down."
"Why are company visits integral for Lynch?","They provide direct evidence of operational strength or weaknesses."
"When does Lynch buy cyclical stocks?","He enters when demand is weak, betting on a cyclical upswing to come."
"What’s Lynch’s reaction to stock splits?","He remains neutral unless it signals a company’s confidence in future performance."
"Which balance sheet metrics does Lynch study closely?","He checks working capital, intangible assets, and the trend of shareholder equity."
"Why divide companies into growth categories, per Lynch?","He believes each category demands distinct investing timelines and strategies."
"How does Lynch regard minimal insider transactions?","He doesn’t read too much into it unless other red flags appear."
"Why reject market timing, according to Lynch?","He says fortunes are made by holding strong companies, not by jumping in and out."
"How does Lynch interpret a low P/E ratio?","He’ll see it as a possible bargain if the company’s earnings are steady or growing."
"Why is sustained earnings momentum vital to Lynch?","He’s convinced that rising earnings inevitably lift share prices."
"How does Lynch see market panics?","He sees them as chances to buy solid stocks on sale."
"Why ignore hearsay and tips, per Lynch?","He claims you need firsthand research, not secondhand rumors."
"Which industries does Lynch call simple enough to grasp?","He cites restaurants, retail, and other everyday consumer services."
"How does Lynch confirm if a company is truly competitive?","He checks if they consistently outpace rivals in sales or innovation."
"Why monitor broader industry factors, per Lynch?","He wants to align with segments poised for sustained demand."
"How does Lynch factor in dividend policies?","He balances the yield with the company's capital needs and growth stage."
"Why dig deep into fundamentals, as Lynch suggests?","He calls it the bedrock for spotting mispriced opportunities."
"Why does Lynch urge a multi-year investment horizon?","He emphasizes that real value can take years to unfold."
"Which leadership qualities impress Lynch?","He appreciates transparency, efficiency, and long-term planning."
"How do smaller investors gain an edge, per Lynch?","They can pivot quickly and invest in local growth stories."
"How should one respond to sudden price tumbles, by Lynch’s logic?","He recommends reassessing fundamentals, not panic-selling."
"Why is product line scrutiny key for Lynch?","He wants to see if a company can sustain consumer interest beyond a single hit."
"What’s Lynch’s protocol for diversification?","He invests in areas he understands, while limiting overlap."
"Why keep the PEG ratio in mind, per Lynch?","He sees it as a quick way to balance current valuation with growth projections."
"What about intraday or daily swings for Lynch?","He sees them as background noise that can lead to rash decisions."
"How does Lynch measure prudent borrowing?","He checks if earnings comfortably cover interest and principal obligations."
"Why does Lynch physically inspect businesses?","He believes firsthand experience can reveal intangibles that financials miss."
"When does Lynch exit cyclical stocks?","He sells when the cycle peaks or fundamentals deteriorate."
"Does Lynch value stock splits?","He doesn’t see them as adding real value; they’re often just cosmetic changes."
"What pillars of balance sheet health does Lynch favor?","He notes healthy cash reserves, stable assets, and manageable debt."
"Why does Lynch group firms by expansion speed?","He adjusts expectations and holding periods according to growth rates."
"How does Lynch weigh insider selling?","He checks context: personal reasons or negative signals about the firm's future?"
"Why is timing the market futile per Lynch?","He notes even experts rarely predict tops or bottoms consistently."
"How does Lynch view high P/E stocks?","He only approves if the growth rate justifies the premium."
"Why highlight continuous earnings expansion, per Lynch?","It indicates robust demand for the company’s products and services."
"What’s Lynch’s recession game plan?","He shops for undervalued leaders that can survive economic slumps."
"Why doubt the value of casual tips, per Lynch?","He says they’re unverified and prone to emotional exaggeration."
"Which business types does Lynch avoid?","He typically avoids overly complex models he can’t understand."
"How does Lynch identify a market leader?","He monitors persistent growth in market share and a strong competitive edge."
"Why care about broad sector trends, per Lynch?","He aligns with sectors showing steady consumer or business demand growth."
"How does Lynch regard dividends in mature companies?","He sees them as a healthy way to share profits if growth opportunities are limited."
"Why is fundamental analysis paramount for Lynch?","He insists it reduces speculation and improves the odds of picking winners."
"Why extend holding periods, according to Lynch?","He explains that true capital appreciation requires patience and stable corporate results."
"What signals does Lynch want from executives?","He wants them to be forthright about risks, expenses, and future plans."
"How do retail investors leverage their size, per Lynch?","They can buy less-followed stocks quickly and with fewer constraints."
"What is Lynch’s stance on abrupt market corrections?","He views them as normal events that open the door to bargain hunting."
"Why is product familiarity a crucial factor for Lynch?","He invests more confidently in companies whose offerings he understands and trusts."
"How does Lynch recommend splitting investments across sectors?","He chooses a balance of cyclical, defensive, and growth sectors he grasps well."
"How does the PEG ratio guide Lynch’s buy decisions?","It helps him see if the share price aligns with future earnings expansion."
"Why ignore short-term volatility, per Lynch?","He believes it distracts from real business performance and can prompt bad moves."
"What’s Lynch’s formula for safe debt levels?","He ensures coverage even if earnings dip temporarily."
"Why the emphasis on site visits, per Lynch?","They can confirm whether management’s statements match on-the-ground reality."
"What’s Lynch’s cyclical playbook?","He anticipates a rebound, buying in early and exiting near the peak."
"Do stock splits matter much to Lynch?","Not really; he sees them as a minor event that doesn’t change fundamentals."
"What does Lynch seek in a stable balance sheet?","He wants tangible assets, liquidity, and a lack of alarming liabilities."
"Why does Lynch sort companies by growth categories?","He adjusts strategies depending on whether they’re slow, medium, or fast growers."
"How does Lynch interpret robust insider buying?","He typically views it as a signal that insiders foresee brighter earnings."
"Why does Lynch forgo market timing?","He’s convinced that waiting for the perfect time often leads to missing big gains."
"How does Lynch judge a stock’s P/E ratio?","He compares it with the firm's historical and projected growth rates."
"Why pursue businesses with consistent earnings growth, per Lynch?","He sees them as safer bets for sustained share appreciation."
"What is Lynch’s perspective on a crashing market?","He regards it as a discount event to buy quality companies cheaply."
"Why question advice from casual acquaintances, per Lynch?","He warns it might be based on rumors rather than facts."
"What industries does Lynch call 'user-friendly'?","He focuses on sectors where one can easily grasp the core products or services."
"How does Lynch confirm a company's durable advantage?","He examines patents, brand strength, or cost leadership that defy easy replication."
"Why track industry-wide patterns, per Lynch?","He wants to see if the industry is expanding or contracting, influencing company potential."
"How does Lynch weigh dividend yields for established firms?","He checks if they’re paid without jeopardizing future investments."
"Why keep a fundamental lens, by Lynch’s reasoning?","He believes numbers and facts lead to better decisions than speculation."
"Why maintain positions for multiple years, per Lynch?","He states that significant gains often manifest over the long term."
"What management qualities does Lynch praise?","He likes efficiency, honesty, and an ability to innovate successfully."
"How do small investors swiftly adapt, per Lynch?","They can sell or buy quickly and pivot strategies without huge bureaucratic steps."
"How does Lynch respond to wild price drops on solid stocks?","He usually views it as a chance to add to positions at a lower cost."
"Why is product investigation crucial, per Lynch?","He sees it as a reality check against hype or misleading statements."
"What does Lynch advise for prudent diversification?","He invests in various company types but ensures he comprehends each investment."
"Why reference the PEG ratio in analyzing stocks, per Lynch?","It merges valuation with growth, offering a clearer picture than P/E alone."
"How does Lynch interpret day-to-day price gyrations?","He calls them distractions that can derail well-researched strategies."
"What debt threshold does Lynch tolerate?","He’s okay with moderate debt that a company can repay under normal conditions."
"Why does Lynch step inside a company’s operations?","He feels it’s the best way to sense a firm’s real potential and pitfalls."
"When does Lynch exit cyclical plays?","He monitors signals of an industry peak and then takes profits before the downturn."
"Does Lynch base decisions on stock splits?","He doesn’t; he prefers to see if the firm’s earnings can justify future growth."
"What are Lynch’s favorite balance sheet clues?","He likes strong current assets, low debt, and evidence of growing shareholder equity."
"Why sort firms into different growth brackets, per Lynch?","He invests differently in slow-growing dividend payers than in fast-growing innovators."
"How does Lynch evaluate insider activity?","He weighs large insider buys more heavily than sells, because buying indicates confidence."
"Why stay invested instead of timing the market, per Lynch?","He says consistent participation nets better results than trying to dodge drops."
"How does Lynch see high or low P/E valuations?","He cross-checks them with growth rates to see if they’re justified."
"Why highlight earnings improvement each quarter, per Lynch?","He’s convinced that consistent improvement signals strong business fundamentals."
"How does Lynch prepare for economic downturns?","He stockpiles strong companies he believes can survive and bounce back."
"Why distrust unverified stock alerts, per Lynch?","He’s wary of hype without solid financial backing."
"Which companies does Lynch label 'straightforward'?","He points to those with a clear path from production to profit that anyone can follow."
"How does Lynch identify a market outperformance capacity?","He sees if a firm can defend its margins and expand its customer base faster than peers."
"Why factor industry conditions into the Lynch process?","He wants to ensure the chosen company isn’t fighting a declining market."
"How does Lynch treat dividends for older, stable firms?","He welcomes them as long as there’s still room to sustain or grow operations."
"Why delve into company fundamentals, per Lynch?","He believes it’s the only way to truly assess a stock’s risk and reward."
"Why keep a stock for several years, by Lynch’s advice?","He says real wealth is built as a company grows its earnings over time."
"What key leadership behaviors does Lynch commend?","He admires cost discipline, smart acquisitions, and consistency in meeting goals."
"How do individual investors exploit local knowledge, per Lynch?","They see consumer trends before they become mainstream."
"What should one do if a chosen stock drops drastically, per Lynch?","He recommends re-checking the company fundamentals; if intact, hold or add."
"Why is studying the product line imperative, per Lynch?","He trusts real-world usage as a litmus test for demand and staying power."
"What’s Lynch’s rule for distributing capital among stocks?","He diversifies into sectors he understands deeply, balancing risk and opportunity."
"How does the PEG ratio help Lynch spot bargains?","He checks if growth forecasts justify the current market price, seeking undervaluation."
"Why not fret over minor price moves, per Lynch?","He feels these moves rarely reflect changes in the underlying business."
"How much debt is too much for Lynch?","He’s wary if interest coverage is tight or if debt balloons faster than profits."
"Why observe a business firsthand, per Lynch?","He thinks it prevents investing in companies whose real conditions don’t match annual reports."
"What signals cyclical peak selling for Lynch?","He monitors industry demand, commodity prices, and signals that supply is outpacing need."
"Are stock splits ever a buy signal for Lynch?","Not inherently; only the firm’s prospects matter, not its share count change."
"Which balance sheet ratios does Lynch find most revealing?","He considers current ratio, debt-to-equity, and the trend in retained earnings."
"Why categorize companies by growth pace, per Lynch?","He invests in each category differently, matching risk tolerance and targets."
"How does Lynch assess big insider purchases?","He views them positively if they align with improving fundamentals."
"Why not attempt to outguess the market’s next move, per Lynch?","He says even pros can’t time reliably; staying invested is safer."
"How does Lynch value a stock’s price-to-earnings ratio?","He relates it to the growth rate, aiming for a P/E below or near growth percentage."
"Why is unwavering earnings progress vital, per Lynch?","He’s convinced rising profits remain the main driver of stock appreciation."
"What’s Lynch’s approach to global recessions?","He hunts for top-tier companies at bargain prices, ready for a post-recession surge."
"Why skip tip-based trades, per Lynch?","He calls them guesswork lacking fundamental depth."
"Which business lines does Lynch label 'transparent'?","He often cites food chains, retail stores, or simple tech solutions as examples."
"How to confirm if a firm can outcompete rivals, per Lynch?","He verifies consistent margin advantage and market leadership."
"Why track big-picture trends, per Lynch?","He wants to invest in fields that are expanding, not contracting."
"How does Lynch view dividend policies of growth-oriented firms?","He’s cautious if they pay too much instead of reinvesting in expansion."
"Why center on fundamentals, per Lynch’s theory?","He sees them as the core truth behind a company’s real worth."
"Why hold onto stocks over multiple market cycles, per Lynch?","He states it’s the best way to capture full growth potential."
"What manager traits does Lynch prize most?","He values skillful cost control, shareholder-friendly actions, and foresight."
"How might small investors succeed against large funds, per Lynch?","They can focus on hidden gems overlooked by bigger institutions."
"How does Lynch handle dips in fundamentally strong stocks?","He may buy more if he’s confident in the firm’s outlook."
"Why check product reviews and brand reputation, per Lynch?","He wants real consumer insight to gauge staying power and satisfaction."
"What’s Lynch’s recommendation for balancing a portfolio?","He invests in a blend of cyclical, defensive, and growth names he grasps."
"How does the PEG ratio guide Lynch’s holding timeline?","A favorable PEG suggests potential for significant upside over time."
"Why disregard intraday market volatility, per Lynch?","He sees it as noise that can shake out investors lacking conviction."
"What does Lynch expect in responsibly managed debt?","He expects revenue and earnings to cover obligations comfortably in most scenarios."
"Why firsthand observation, according to Lynch?","He suspects it reveals operational truths that numbers alone might hide."
"How does Lynch strategize around cyclical peaks?","He takes profits when indicators suggest the cycle is overheating."
"Do splits factor much into Lynch’s analysis?","He pays little attention unless it indicates confidence from management."
"What does Lynch read in balance sheet improvements?","He sees them as a good sign of steady growth and prudent fiscal policy."
"Why sub-categorize firms by growth velocity, per Lynch?","He chooses different time horizons and risk levels based on growth classification."
"How does Lynch interpret moderate insider trading?","He checks the bigger context; small transactions don’t always signal key insights."
"Why forgo predictions about short-term market directions, per Lynch?","He focuses on finding good companies rather than timing micro-fluctuations."
"How does Lynch connect P/E to a company's prospects?","He aligns the ratio with forward earnings and the firm’s growth expectations."
"Why bet on consistent earnings, per Lynch?","He believes the market eventually rewards reliability and progression in profits."
"How does Lynch prep for downturns?","He sets aside capital and a watchlist of strong companies to buy on weakness."
"Why avoid the hype surrounding tips, per Lynch?","He insists on logical, research-based decisions free from rumor-driven mania."
"What types of businesses does Lynch find easiest to evaluate?","He likes those with products he uses or sees daily, from restaurants to shops."
"How does Lynch confirm a business's defensive moat?","He looks for high barriers to entry and a strong brand or patent edge."
"Why monitor large-scale sector trends, per Lynch?","He invests in tailwinds, not headwinds, aiming to ride rising demand."
"How does Lynch treat dividends in high-growth stocks?","He questions if they'd be better reinvested for expansion or used for payouts."
"Why champion solid fundamentals, per Lynch?","He sees them as the most reliable indicator of long-term share value."
"Why hold a position through volatility, per Lynch?","He notes that short-term turbulence is normal, but the trend matters more."
"What management behaviors does Lynch not tolerate?","He dislikes poor accounting transparency, reckless spending, or misleading shareholders."
"How do smaller traders move quickly, per Lynch?","They pivot without needing compliance checks or large-scale coordination."
"What if a stock with good fundamentals suddenly drops, per Lynch?","He reaffirms the thesis; if intact, he may add to his position."
"Why look at product lines in detail, per Lynch?","He wants assurance the company can continue innovating or expanding its offerings."
"What’s Lynch’s rule of thumb for portfolio construction?","He diversifies across industries he grasps, maintaining focus on each holding."
"How important is the PEG ratio for Lynch’s fair value assessment?","He finds it crucial to gauge if price aligns with expected growth."
"Why downplay daily price changes, per Lynch?","He suggests focusing on whether the investment case remains valid."
"Which debt ratio does Lynch evaluate carefully?","He watches debt-to-equity for signs the company can handle financial stress."
"Why step into a company’s operations personally, per Lynch?","He says it can confirm or contradict what you see in annual reports."
"When is the right time to exit cyclical stocks, by Lynch’s approach?","He aims to exit before the peak frenzy, securing gains."
"Do share splits influence Lynch’s buy/sell decision?","Rarely, because splits don’t change earnings or future growth potential."
"Which balance sheet improvements most impress Lynch?","He applauds growing shareholders’ equity and dwindling debt."
"Why does Lynch classify firms by different growth speeds?","He invests with distinct expectations for each category’s performance."
"How does Lynch interpret insider trades in small volumes?","He largely disregards them unless they hint at a bigger trend."
"Why oppose market timing, per Lynch?","He insists consistent investment is more profitable than chasing short-term swings."
"How does Lynch align the P/E with a company’s trajectory?","He checks if the ratio fairly reflects near-future earnings expansions."
"Why track consistent profit rises, per Lynch?","He believes a dependable earnings stream typically drives share price upward."
"What is Lynch’s approach during broad market crashes?","He shops for high-quality stocks selling at attractive discounts."
"Why steer clear of unsubstantiated hot picks, per Lynch?","He stresses the importance of real fundamentals over rumors or speculation."
"Which businesses does Lynch label 'easy to decode'?","He prefers those with products you can see, use, or study in everyday life."
"How does Lynch spot a real competitive moat?","He identifies sustainable advantages and checks if rivals struggle to compete."
"Why watch how an industry evolves, per Lynch?","He invests in companies aligned with growing market segments."
"How does Lynch assess dividend distributions in various life-cycle stages?","He checks if the payout suits the company’s maturity level and growth needs."
"Why is fundamental scrutiny non-negotiable, per Lynch?","He believes it’s the best defense against overpaying or buying weak businesses."
"Why let time pass with a position intact, per Lynch?","He sees long holding periods as key to capturing full profit from a company’s growth."
"What leadership red flags does Lynch avoid?","He rejects poor communication, frequent strategic shifts, or excessive executive perks."
"How do smaller investors exploit local data, per Lynch?","They spot emerging preferences or store traffic changes before Wall Street notices."
"What to do if a fundamentally solid stock tanks, per Lynch?","He suggests verifying no fundamental damage has occurred; otherwise, consider adding more."
"Why analyze product depth, per Lynch’s viewpoint?","He wants evidence a company can adapt and maintain multiple revenue streams."
"What is Lynch’s guideline on how many stocks to hold?","He advocates enough to diversify but few enough to stay informed about each."
"How does the PEG ratio direct Lynch’s timeframe?","A good PEG might indicate multi-year growth potential worth riding out."
"Why does Lynch caution against reacting to intraday dips?","He says they can lead to panic selling, which undercuts a well-thought-out strategy."
"What’s Lynch’s red line for corporate debt?","He draws it when debt obligations threaten future investment or solvency."
"Why go on location to check a company, per Lynch?","He sees it as a practical step to validate assumptions or spot real issues."
"How does Lynch pick the best moment to exit cyclicals?","He sells near the cycle’s crest, before the inevitable downswing."
"Are stock splits relevant to Lynch’s fundamental analysis?","He generally finds them irrelevant unless they alter trading liquidity significantly."
"What does Lynch glean from rising balance sheet strength?","He sees it as proof the firm is building wealth for shareholders."
"Why does Lynch put firms into distinct growth brackets?","He tailors each investment’s timeline and goal to the firm’s growth pace."
"How does Lynch read moderate insider buying?","He views it as slightly positive, but not a sole reason to invest."
"Why not guess short-term market movements, per Lynch?","He regards it as gambling, preferring a systematic, research-based approach."
"How does Lynch apply the P/E ratio to future projections?","He checks if earnings growth will justify or exceed the current ratio."
"Why is a steady earnings climb prized by Lynch?","He believes it signals a resilient business model that can flourish over time."
"How does Lynch make use of market downturns?","He buys quality shares at reduced prices, waiting patiently for the bounce back."
"Why distrust uncorroborated tips, per Lynch?","He sees them as potential traps, lacking rigorous analysis or proof."
"What company profiles does Lynch label 'straightforward'?","He points to retailers, restaurant chains, or consumer brands with obvious revenue models."
"How does Lynch determine if a firm can outlast competition?","He looks at stable or improving market share, brand loyalty, and cost advantages."
"Why keep an eye on macro trends, per Lynch?","He positions in growth industries, avoiding those in structural decline."
"How does Lynch approach dividends for different growth stages?","He’s supportive if the firm’s at a mature stage, cautious if it’s still expanding rapidly."
"Why emphasize fundamentals for stock selection, per Lynch?","He argues they form the core basis for a company’s true value."
"Why wait out the market with strong holdings, per Lynch?","He believes time magnifies returns in fundamentally sound companies."
"What management hallmarks does Lynch celebrate?","He likes alignment with shareholders, prudent reinvestment, and consistent leadership."
"How can smaller holders maneuver better, per Lynch?","They aren’t forced to follow index restrictions or meet large liquidity needs."
"How to treat a drop in a stock that’s otherwise solid, per Lynch?","He advises checking for any real changes in the business; if none, hold or buy more."
"Why is product pipeline depth significant, per Lynch?","He wants proof the company can keep innovating and avoid stagnation."
"What’s Lynch’s recommended approach to spreading investments?","He advocates focusing on known sectors, adding diversity without sacrificing expertise."
"How does the PEG ratio help Lynch weigh risk and reward?","It provides a growth-adjusted valuation, aiding more informed buy decisions."
"Why skip reacting to short-term price waves, per Lynch?","He warns it spurs emotional trades that rarely benefit a long-term portfolio."
"Which debt signals does Lynch find problematic?","He flags high leverage that may force costly refinancing or cut growth spending."
"Why physically observe operations, per Lynch?","He claims seeing real customer flow or production can reveal key details missed by reports."
"When to lock in gains on cyclical stocks, by Lynch’s approach?","He exits once signs of peak demand appear, before the market sours."
"Are share splits a major factor for Lynch’s strategy?","He finds them minor unless they change trading liquidity or investor psychology significantly."
"What indicates a healthy balance sheet to Lynch?","He looks for a surplus of liquid assets over liabilities and stable retained earnings."
"Why separate firms by growth velocity, per Lynch?","He invests differently: fast growers for capital appreciation, slow for dividends."
"How does Lynch weigh insider purchase intensity?","He views big clusters of buying as a strong bullish signal."
"Why ignore market timing, according to Lynch?","He says most returns come from staying invested in good companies, not from short-term moves."
"How does Lynch interpret a P/E above industry average?","He’ll accept it if growth rates clearly justify a premium valuation."
"Why highlight quarterly earnings growth, per Lynch?","He sees it as a pulse check on whether the business strategy is working."
"How does Lynch respond to overall market meltdowns?","He looks for battered but fundamentally solid stocks to accumulate."
"Why disregard tip-based trades, per Lynch’s rule?","He sees them as speculation without robust data to back them up."
"What kind of enterprise is easiest for Lynch to analyze?","He prefers those providing everyday goods or services with transparent operations."
"How does Lynch spot a formidable competitive moat?","He identifies product uniqueness, strong brand recognition, or cost efficiencies that deter rivals."
"Why observe industry-level economic forces, per Lynch?","He invests in expansions, not contractions, to ride positive momentum."
"How does Lynch treat dividends among growth-phase firms?","He’d rather they reinvest if high ROIC is achievable, delaying dividends until later."
"Why revolve decisions around fundamentals, per Lynch?","He trusts factual data about earnings and returns more than market sentiments."
"Why remain invested for years, by Lynch’s playbook?","He sees growth stories needing time to fully mature and reflect in stock prices."
"Which managerial strengths attract Lynch?","He likes stable leadership, ethical governance, and strategic adaptability."
"How do smaller traders exploit local advantages, per Lynch?","They notice new successful stores or brands before analysts do."
"What if a well-researched stock plummets unexpectedly, per Lynch?","He revisits the thesis; if intact, he welcomes the lower price as a chance to buy more."
"Why delve into a firm’s product roadmap, per Lynch?","He believes it provides insight into future revenue streams and innovation capacity."
"What’s Lynch’s principle for diversification?","He invests across a handful of industries but insists on knowing each firm intimately."
"How does the PEG ratio refine Lynch’s stock picks?","It steers him towards growth stocks that remain undervalued relative to their potential."
"Why steer clear of daily price obsessions, per Lynch?","He emphasizes that quick shifts can prompt impulsive actions that ruin good strategies."
"Which leverage levels does Lynch label as dangerous?","Those that burden a firm’s earnings and impede reinvestment or resilience."
"Why physically tour a company, per Lynch?","He thinks you gain insight about product quality, operational efficiency, and employee morale."
"When do cyclical sectors signal a sell, by Lynch’s framework?","He monitors demand peaks; once growth plateaus, he locks in profits."
"Do stock splits sway Lynch’s fundamental view?","They generally don’t; fundamental value remains unchanged by share restructuring."
"What reveals a well-maintained balance sheet to Lynch?","He sees consistent improvement in net assets and controlled liabilities."
"Why place companies in distinct growth slots, per Lynch?","He invests with varied strategies: stalwarts for safety, fast growers for higher returns."
"How does Lynch factor insider moves into his strategy?","He interprets large buys as confidence, but always cross-checks fundamentals."
"Why avoid short-term guesswork in markets, per Lynch?","He asserts time spent waiting for perfect entry or exit often costs big gains."
"How does Lynch assess if a P/E is too high?","He checks growth catalysts; if they’re weak, a high P/E may be unjustified."
"Why are reliably rising profits a cornerstone for Lynch?","He’s convinced that earnings, not speculation, fuel consistent price appreciation."
"How does Lynch see global market sell-offs?","He views them as times to accumulate shares in great companies cheaply."
"Why disregard rumors about the next big thing, per Lynch?","He says robust analysis beats speculation on potential fads or hype."
"Which markets does Lynch find easiest to navigate?","He prefers ones with comprehensible consumer or business models, typically domestic sectors."
"How does Lynch detect durable competitive advantages?","He checks if the company can maintain superior pricing power or a unique product niche."
"Why factor sector-wide developments, per Lynch?","He invests in growing sectors, steering clear of those in decline."
"How does Lynch handle dividends for proven, steady firms?","He welcomes them as a part of total return if the company’s growth prospects are modest."
"Why do fundamental metrics matter so much to Lynch?","He believes they give the clearest signal of a stock’s real value and durability."
"Why keep investing capital locked in for longer periods, per Lynch?","He points to the power of compounding returns that emerge over time."
"What sort of leadership mistakes repel Lynch?","He avoids managers who repeatedly miss targets or use shareholder money unwisely."
"How can individual investors exploit local favorites, per Lynch?","They invest early in brands or stores that are expanding regionally."
"What’s Lynch’s next step after a big drop in a stock he likes?","He double-checks fundamentals; if strong, he might average down."
"Why investigate product variety, by Lynch’s logic?","He prefers diversified product lines that can cushion revenue if one line lags."
"What’s Lynch’s approach to sector allocations?","He balances cyclical, defensive, and growth plays, sticking to what he understands."
"How does the PEG ratio anchor Lynch’s buy discipline?","He avoids overpriced stocks whose growth can’t justify their valuation."
"Why remain calm amid market gyrations, per Lynch?","He warns that panic often leads to rash decisions, undermining long-term returns."
"Which debt factor is most important to Lynch?","He checks if company earnings are stable enough to handle principal and interest easily."
"Why see company operations firsthand, per Lynch?","He believes it provides ground truth, spotting potential consumer or operational issues."
"How does Lynch time the sell-off of cyclical shares?","He watches for signs that the cycle is topping out and demand will drop."
"Are stock splits a big deal in Lynch’s view?","No, because they don’t fundamentally alter the company’s value proposition."
"What hallmark of a strong balance sheet does Lynch prize?","He notes an upward trend in retained earnings, showing reinvested profit."
"Why categorize growth stocks versus steady dividend payers, per Lynch?","He invests in each based on its inherent growth potential and risk profile."
"How does Lynch respond to minimal insider purchasing?","He doesn’t overinterpret it unless other data suggests potential trouble."
"Why sidestep short-term timing attempts, by Lynch?","He says being wrong can be more costly than any possible gain."
"How does Lynch judge if a company’s P/E is fair?","He sees if the firm’s growth or new product pipeline can justify that ratio."
"Why chase stable earnings expansions, per Lynch?","He states they’re the most dependable predictor of future share price momentum."
"How does Lynch view crisis-driven sell-offs?","He seizes them as a chance to accumulate high-quality firms undervalued by panic."
"Why brush off unverified picks or rumors, per Lynch?","He relies on documented metrics and thorough research for clarity."
"Which enterprises does Lynch typically classify as simple?","He points to consumer staples, everyday retail, and straightforward service providers."
"How does Lynch confirm if a firm’s moat is legit?","He investigates consistent pricing power or brand loyalty that withstands competition."
"Why watch economic and social trends in sectors, per Lynch?","He positions in growth areas amplified by those trends."
"How does Lynch treat dividends for large, stable corporations?","He sees them as an appropriate way to share profits if expansions are limited."
"Why rely on fundamental data over speculation, per Lynch?","He claims it minimizes risk and yields better long-term outcomes."
"Why keep investments over multiple years, per Lynch’s doctrine?","He asserts that real, significant returns materialize after compounding sets in."
"What team qualities does Lynch champion?","He praises leaders who communicate clearly, spend frugally, and plan strategically."
"How do smaller investors harness agile decision-making, per Lynch?","They pivot quickly without institutional constraints or red tape."
"What if a chosen stock plummets on no bad news, per Lynch?","He often sees it as an opportunity to increase holdings in a solid company."
"Why dissect product lines thoroughly, per Lynch?","He wants assurance the company isn’t overreliant on one product or outdated offerings."
"What’s Lynch’s notion of balanced diversification?","He invests in multiple industries but ensures each stock is well-researched."
"How does PEG ratio analysis keep Lynch disciplined?","It flags overpriced situations by comparing growth to the current price."
"Why not let small price swings drive decisions, per Lynch?","He believes this leads to emotional rather than rational trading."
"Which debt conditions alarm Lynch?","High interest costs that might overwhelm profits or hamper R&D investment."
"Why show up at a company’s facilities, per Lynch?","He checks operational efficiency, staff morale, and real demand for products."
"When does Lynch typically exit cyclical investments?","He anticipates the peak and sells to avoid the subsequent downturn."
"Are split announcements pivotal for Lynch?","He typically disregards them unless they alter liquidity in a significant way."
"What signals a robust balance sheet to Lynch?","He wants more assets than liabilities, manageable debt, and rising retained earnings."
"Why distinct growth categories, per Lynch?","He tailors each portfolio slice to match the growth potential and risk of that category."
"How does Lynch view big insider buys?","He sees them as management’s strong vote of confidence in future performance."
"Why ignore short-term market guesses, per Lynch?","He contends the real focus should be on a company’s fundamental value over time."
"How does Lynch link the P/E ratio to an investment thesis?","He weighs it against forward earnings estimates to see if shares are overpriced or not."
"Why continuously monitor earnings growth, per Lynch?","He deems it the bedrock for compounding stock price gains."
"How does Lynch leverage widespread fear in the market?","He buys quality stocks while others sell in panic, aiming for outsized future returns."
"Why reject tips from unreliable sources, per Lynch?","He remains convinced that only robust, factual research can guide sound decisions."
"Which businesses are straightforward for Lynch?","He highlights those with a direct path from customer purchase to profit, like basic retail or consumer brands."
"How does Lynch test a company’s moats practically?","He evaluates whether new entrants can easily undercut or replicate the firm's offerings."
"Why observe shifts in sector-wide economics, per Lynch?","He aligns with upward trends, avoiding industries facing obsolescence."
"How does Lynch assess dividend viability?","He checks if the firm can afford payouts without starving vital growth initiatives."
"Why lean heavily on fundamentals, per Lynch?","He states it’s more reliable than speculation and fosters disciplined investing."
"Why keep positions for extended periods, per Lynch’s approach?","He believes that businesses need time to fully realize their potential in share prices."
"What leadership patterns please Lynch?","He commends prudent resource allocation, clarity in reporting, and consistent goal delivery."
"How might a small investor replicate Lynch’s edge?","They can monitor local businesses and exploit overlooked markets."
"How to handle a big drop in a high-conviction stock, per Lynch?","He suggests rechecking the company. If no fundamental change, it's a potential buy signal."
"Why examine a firm's full range of products, per Lynch?","He wants a safety net if one line struggles—diverse revenues can stabilize earnings."
"What’s Lynch’s final word on diversification?","He believes in having enough stocks to spread risk but not so many that you can’t follow them."
"How does the PEG ratio guide Lynch’s buy or hold?","He continues holding if growth justifies the ratio, otherwise he re-evaluates the position."
"Why brush off intraday price noise, per Lynch’s philosophy?","He calls it distraction, urging a focus on actual performance and growth metrics."
"What alarm bells ring for Lynch regarding debt?","He sees ballooning obligations as a threat if they limit strategic flexibility."
"Why investigate real-world operations, per Lynch?","He wants to confirm customer enthusiasm, inventory turnover, and product quality claims."
"When do cyclical sectors become unattractive, by Lynch’s logic?","He sees it when demand peaks and cost pressures or oversupply loom."
"Do share splits factor into Lynch’s fundamental model?","No, he’s more focused on whether earnings can keep rising steadily."
"What is Lynch’s metric for a secure balance sheet?","He looks for stable or growing equity and minimal exposure to risky liabilities."
"Why separate growth stocks from stalwarts, per Lynch?","He invests differently: growth stocks for rapid gains, stalwarts for steadier returns."
"How does Lynch interpret unusual insider activity?","He cross-checks with financial results; big buys might hint at strong upcoming performance."
"Why refrain from timing macro fluctuations, per Lynch?","He’s convinced that bottoming or topping calls are rarely accurate in practice."
"How does Lynch judge if a P/E ratio is overblown?","He sees if there's insufficient earnings momentum to justify that premium."
"Why emphasize stable earnings increases, per Lynch?","He claims that over the long term, stock prices track profitable growth."
"How does Lynch navigate severe market sell-offs?","He remains calm, identifies bargains, and invests in solid fundamentals."
"Why not trust hearsay or rumored breakthroughs, per Lynch?","He’d rather confirm a company's actual results than gamble on talk."
"Which kinds of businesses does Lynch champion for simplicity?","He invests in those selling everyday goods or services that are easy to evaluate."
"How does Lynch verify a sustainable edge?","He checks loyal customers, patent protections, or cost structures that outpace rivals."
"Why watch the macro environment for entire industries, per Lynch?","He wants to ride the wave of rising demand, not fight against a shrinking sector."
"How does Lynch weigh dividend outflows?","He ensures they’re balanced with retained earnings for future growth if the company’s still expanding."
"Why is fundamental due diligence the core of Lynch’s philosophy?","He believes it separates strong investments from mere speculation."
"Why maintain a multi-year commitment, per Lynch?","He highlights that a company's true performance emerges over longer periods of execution."
"What sort of CEOs win Lynch’s admiration?","Those who consistently deliver results without over-promising or under-delivering."
"How can an individual investor mirror Lynch’s quickness?","They can act on local signals or niche trends that big funds overlook initially."
"What if a good stock plummets on negative news, per Lynch?","He re-assesses if the issue affects long-term fundamentals; if not, it’s potentially undervalued."
"Why delve into each product line’s viability, per Lynch?","He wants a clear path to sustained sales, not a one-hit-wonder scenario."
"What’s Lynch’s stance on portfolio size?","He recommends knowing each holding well, not accumulating too many to monitor effectively."
"How does the PEG ratio keep Lynch from overpaying?","It warns him if the stock’s price outruns plausible growth rates."
"Why not react instantly to market fluctuations, per Lynch?","He says emotional trades typically undermine a reasoned, data-driven strategy."
"Which debt patterns does Lynch closely scrutinize?","He checks that interest payments don’t swallow too much of operating income."
"Why advocate site visits, per Lynch’s experience?","He learns if operations are streamlined and if products genuinely resonate with customers."
"When is the right time to dump cyclical positions, per Lynch?","He sells once external conditions indicate the cycle is near its peak."
"Are stock splits a buy signal for Lynch?","No, they’re rarely significant to the company's intrinsic worth."
"What hallmark of a balance sheet does Lynch track over time?","He watches if retained earnings steadily grow, reflecting reinvestment."
"Why bucket firms based on growth potential, per Lynch?","He approaches each category with different risk and reward expectations."
"How does Lynch treat big blocks of insider buying?","He interprets them as confidence from those with the best company knowledge."
"Why skip short-term trading calls, according to Lynch?","He contends focusing on fundamentals yields more consistent profits."
"How does Lynch weigh a company’s P/E ratio relative to growth?","He expects a lower P/E if growth is modest, and tolerates a higher one if growth is robust."
"Why emphasize an ongoing rise in earnings, per Lynch?","He sees profits as the ultimate driver of share price, fueling investor confidence."
"How does Lynch behave in a turbulent downturn?","He hunts for solid businesses at reduced valuations, anticipating future rebounds."
"Why not act on unverified suggestions, per Lynch?","He trusts thorough due diligence over rumors or anecdotal claims."
Question,Answer
"How does Lynch feel about the price-to-sales (P/S) ratio?","He checks it to see how a company’s valuation compares to its revenue stream, especially for high-growth firms."
"Why does Lynch focus on return on equity (ROE)?","He believes ROE shows how effectively management uses shareholder funds to generate profits."
"What is Lynch’s take on high inventory levels?","He’s cautious if inventory grows faster than sales, indicating potential demand issues."
"Why does Lynch highlight a company’s brand development?","He sees strong brands as long-term assets that can command customer loyalty and premium pricing."
"How does Lynch regard management changes?","He evaluates whether new leadership can maintain or improve the firm’s growth strategy."
"What does Lynch think about overly complex businesses?","He avoids them if he can’t easily grasp how they earn money or remain competitive."
"Why does Lynch advocate using personal experiences when researching stocks?","He believes shopping habits and product usage can reveal consumer trends before analysts report on them."
"How does Lynch treat temporary market euphoria?","He stays disciplined and avoids overpaying, preferring fundamentals over hype."
"Why does Lynch consider the price-to-book (P/B) ratio?","He uses it to compare a company’s share price with its net assets, seeking undervaluation in certain cases."
"What is Lynch’s view on share buybacks?","He approves if the company is undervalued and buybacks don’t compromise growth opportunities."
"Why does Lynch caution against chasing stocks in unfamiliar industries?","He believes investing in what you understand reduces risks of misjudging a company’s prospects."
"How does Lynch see short-selling strategies?","He generally avoids them, favoring long-term ownership of companies with growth potential."
"What does Lynch say about unexpected CEO departures?","He digs deeper to see if it signals deeper organizational issues or just a leadership shift."
"Why does Lynch favor companies that are expanding internationally?","He sees global expansion as a path to new markets and revenue growth, if managed prudently."
"How does Lynch interpret rising research and development (R&D) expenses?","He likes it if it leads to innovation and future revenue, but tracks whether costs overshadow results."
"Why does Lynch study a company’s marketing effectiveness?","He believes strong marketing can enlarge a firm’s customer base and sustain growth momentum."
"What is Lynch’s take on heavily shorted stocks?","He’s cautious; high short interest can signal market skepticism or potential hidden problems."
"How does Lynch factor in currency fluctuations for multinational firms?","He checks if currency swings significantly impact earnings or complicate future growth."
"Why does Lynch look at a firm’s employee turnover?","He views high turnover as a potential red flag for morale, culture, or management style."
"What does Lynch think of investing in newly IPO’d companies?","He prefers a track record of earnings before investing, though he remains open to strong, early-growth stories."
"How does Lynch view competition from disruptive startups?","He studies if incumbents can adapt or if new entrants might undermine existing market share."
"Why does Lynch examine a company’s pricing power?","He believes pricing power indicates a moat, allowing firms to maintain margins during market pressures."
"What is Lynch’s advice on emotional trading?","He warns that fear and greed can lead to irrational decisions, undermining long-term strategy."
"How does Lynch assess demand for luxury goods companies?","He checks brand prestige, global expansion potential, and the resilience of affluent consumer spending."
"Why does Lynch emphasize meeting or listening to investor relations calls?","He gains insights into management’s transparency, business updates, and upcoming priorities."
"What does Lynch think of companies involved in frequent acquisitions?","He checks if acquisitions are genuinely accretive or a distraction that piles on debt."
"How does Lynch regard intangible assets like patents and trademarks?","He sees them as competitive differentiators, but only if they can sustain real-world revenue gains."
"Why does Lynch pay attention to a stock’s trading liquidity?","He wants confidence that he can exit a position without severely affecting the share price, especially for larger investments."
"What does Lynch say about companies with volatile earnings history?","He’s cautious; inconsistency makes valuation more challenging and may signal structural problems."
"How does Lynch evaluate companies in emerging markets?","He checks local economic conditions, currency risks, and whether the firm has a durable edge in its region."
"Why does Lynch track share-count changes over time?","He wants to see if management dilutes shareholders with excessive new shares or options."
"What is Lynch’s stance on companies pivoting their core business model?","He carefully reassesses if the pivot aligns with a viable market opportunity or is a desperate move."
"How does Lynch analyze a firm’s net profit vs. operating cash flow?","He checks if reported earnings are backed by real cash generation, flagging accrual-based distortions."
"Why does Lynch appreciate consistent guidance from management?","He believes predictable communication fosters investor confidence and reveals leadership’s competence."
"What does Lynch consider when a company slashes its dividend?","He determines if the cut is strategic to fund growth or signals deeper financial strains."
"How does Lynch weigh environmental, social, and governance (ESG) factors?","He sees ESG increasingly relevant; if poor ESG leads to reputational risk, it can hurt long-term value."
"Why does Lynch encourage reading annual reports thoroughly?","He believes the management discussion section offers deep insight into strategy, competition, and risks."
"What is Lynch’s perspective on turnarounds or distressed companies?","He only invests if there is a clear path to recovery, preferring proven turnarounds to pure hope."
"How does Lynch view companies that heavily rely on one customer?","He finds it risky; a single client shift can dramatically harm revenues."
"Why does Lynch study profit reinvestment strategies?","He wants to ensure earnings are allocated to high-return projects, not wasted on flashy ventures."
"How does Lynch treat spin-off opportunities?","He investigates if the spun-off entity might be undervalued and more focused than when part of a larger conglomerate."
"What is Lynch’s take on cyclical commodity producers?","He invests if he can buy at or near the bottom of the cycle, benefiting from a rebound in prices."
"Why does Lynch stress reading multiple years of financial statements?","He looks for patterns in growth, margins, and debt that short-term data might conceal."
"What does Lynch think about companies with heavy share-based compensation?","He watches out for excessive dilution, which can erode shareholder value over time."
"How does Lynch evaluate management forecasts vs. actual performance?","He checks consistency; management that frequently misses targets may be overly optimistic or lacking execution."
"Why does Lynch consider corporate culture in his research?","He believes a strong, ethical culture supports employee engagement and sustainable performance."
"What is Lynch’s approach to capital-intensive businesses?","He’s wary unless they can cover costs, maintain healthy cash flow, and earn sufficient returns on invested capital."
"How does Lynch measure success for a company's international expansion?","He tracks growth in foreign sales, local brand acceptance, and profitability across regions."
"Why does Lynch warn about companies locked in price wars?","Intense competition can erode margins, diminishing the company’s long-term profitability."
"How does Lynch interpret a sudden drop in gross margins?","He investigates whether it’s a one-time factor or a sign of sustained cost or pricing pressures."
"What is Lynch’s method to evaluate a company's backlog of orders?","He checks backlog growth rates to predict future revenues and judge demand consistency."
"Why does Lynch factor management’s equity ownership into his decisions?","He wants management to have skin in the game, aligning their success with shareholder interests."
"How does Lynch view stock-based incentives?","He’s fine with them if they motivate performance without diluting shareholders excessively."
"What is Lynch’s stance on companies holding large cash reserves?","He likes cash hoards if management can deploy them wisely or return them to shareholders."
"Why does Lynch focus on a company’s return on assets (ROA)?","He checks how efficiently the firm converts assets into earnings, especially in asset-heavy industries."
"What does Lynch think about rising SG&A (selling, general, and administrative) expenses?","He monitors if SG&A grows slower than revenue; out-of-control expenses can erode net profit."
"How does Lynch regard venture capital-backed IPOs?","He’s cautious; hype can inflate valuations before a consistent profit track record emerges."
"Why does Lynch examine commodity price trends for certain stocks?","He recognizes that profits can be heavily influenced by raw material costs in resource-dependent firms."
"What is Lynch’s attitude toward companies with frequent restructuring charges?","He questions if these are truly nonrecurring or a sign of chronic operational issues."
"How does Lynch use free cash flow (FCF) in his evaluations?","He sees FCF as a measure of a firm’s true surplus cash, used to pay dividends, buy back shares, or invest in growth."
"Why does Lynch believe in verifying a company’s supply chain strength?","He thinks disruptions or weak supplier relationships can damage revenue and brand reputation."
"What does Lynch say about negative earnings surprises?","He looks into whether the miss reflects a one-time hiccup or deeper systemic problems."
"How does Lynch analyze companies that rely heavily on new product launches?","He checks innovation pipelines and marketing execution to see if they can maintain momentum."
"Why does Lynch emphasize monitoring a company’s labor relations?","Labor disputes or strikes can hamper operations and dent investor confidence."
"What is Lynch’s perspective on growth-at-a-reasonable-price (GARP)?","He aligns with GARP, seeking companies growing faster than average but not priced too high."
"How does Lynch treat fad-driven businesses?","He’s cautious; if demand is temporary or trendy, the stock might collapse when consumer tastes shift."
"Why does Lynch consider inventory turnover ratios?","They reveal how quickly a company sells its products, indicating efficiency and demand consistency."
"What does Lynch think of stock price support from buy-and-hold institutions?","He sees stable institutional ownership as a positive if those holders understand the business well."
"How does Lynch incorporate management’s capital allocation track record?","He evaluates past decisions on acquisitions, dividends, and expansions to see if they added value."
"Why does Lynch look at historical recession performance for a company?","He wants to see if it can stay profitable or at least stable during economic downturns."
"What is Lynch’s stance on businesses heavily tied to government contracts?","He checks if reliance on political budgets or regulatory changes creates unpredictable revenue streams."
"How does Lynch approach thinly traded stocks?","He’s careful; low liquidity can make buying and selling challenging and amplify price swings."
"Why does Lynch encourage understanding a company’s customer demographics?","He sees demographic trends as crucial for predicting long-term product demand."
"What does Lynch think of second- or third-tier market leaders?","He sometimes invests if they have room to climb or a niche that protects them from top competitors."
"How does Lynch assess an executive team’s innovation track record?","He measures whether past R&D has led to successful products or improved market share."
"Why does Lynch pay attention to pending lawsuits or regulatory actions?","He’s cautious if legal issues could sap earnings or damage the company’s reputation."
"What is Lynch’s logic behind testing company services as a customer?","He wants firsthand experience with the product’s quality and user satisfaction."
"How does Lynch view aggressive sales tactics in a company’s strategy?","He questions if short-term boosts will backfire or harm the brand over time."
"Why does Lynch factor in a company’s share float?","He checks if a low float can lead to higher volatility or if large insider holdings limit public shares."
"What does Lynch mean by ‘finding overlooked gems’?","He looks for companies with strong fundamentals that Wall Street analysts haven’t widely covered."
"How does Lynch judge the reliability of dividend growth track records?","He favors firms with multi-year dividend hikes backed by solid earnings progress."
"Why does Lynch occasionally invest in asset-heavy sectors like utilities?","He might do so if stable cash flows and regulatory environments make for reliable returns."
"What is Lynch’s perspective on shareholder activism?","He’s open to it if it pushes for value creation but wary if it promotes short-term gains at the expense of long-term health."
"How does Lynch evaluate a company’s reliance on debt financing?","He checks if they can manage interest costs comfortably and refinance without trouble."
"Why does Lynch review director and executive turnover rates?","Frequent departures can indicate internal strife or strategic misalignment."
"What does Lynch think about companies pivoting to trendy buzzwords like AI or blockchain?","He’s skeptical unless there’s genuine business benefit and a verifiable revenue model."
"How does Lynch interpret a firm’s expansion into adjacent markets?","He checks synergy—whether the move leverages core strengths or distracts from the main business."
"Why does Lynch analyze operating margins across product lines?","He wants to see which segments drive profitability and whether management invests accordingly."
"What is Lynch’s approach to companies with flat revenue but rising EPS?","He investigates if cost-cutting or share buybacks are masking stagnant demand."
"How does Lynch view revenue concentration in a single geographic region?","He’s cautious if economic or political risks in that region could significantly harm the firm."
"Why does Lynch emphasize a company’s track record of beating analyst forecasts?","Consistent beats can indicate conservative guidance and strong execution."
"What does Lynch think about consumer staples during recessions?","He sees them as defensive plays since people continue to buy essential goods in downturns."
"How does Lynch approach shareholder letters and annual meeting transcripts?","He reads them for candid commentary on challenges, growth plans, and management’s mindset."
"Why does Lynch check the CEO’s background before investing?","He wants evidence of strong leadership, good judgment, and relevant experience."
"What is Lynch’s view on companies with frequent CFO changes?","He’s wary; it may signal financial reporting concerns or internal turmoil."
"How does Lynch treat businesses with strong niche dominance but small total addressable markets?","He invests if they have room to grow or high profitability within that niche."
"Why does Lynch note incremental profit margins when sales rise?","He checks if higher revenue is translating into proportionally higher earnings."
"What does Lynch say about cyclical companies that diversify into stable lines?","He sees potential risk mitigation, but wants to ensure diversification is well-executed."
"How does Lynch factor in brand loyalty metrics?","He regards loyal customers as an indicator of recurring revenue and resilience to price competition."
"Why does Lynch examine corporate governance structures?","He wants transparency, checks against conflicts of interest, and alignment with minority shareholders."
"What is Lynch’s advice on trailing stop orders?","He typically avoids them, preferring fundamental re-evaluation over automatic price-based selling."
"How does Lynch interpret aggressive growth targets set by management?","He’s skeptical unless management has a credible plan and track record to achieve them."
"Why does Lynch look at new store or branch opening success rates?","They reflect a company’s ability to replicate its model in different locations."
"What does Lynch think about consumer sentiment surveys?","They can hint at near-term demand, but he relies more on actual sales and earnings data."
"How does Lynch judge companies that rely heavily on contract workers?","He checks if this model helps flexibility or signals cost-cutting at the expense of quality."
"Why does Lynch emphasize stable leadership succession plans?","He sees leadership continuity as vital for maintaining strategic direction and operational consistency."
"What is Lynch’s reaction to management hype about new tech without details?","He’s wary if specifics on revenue impact and ROI are missing."
"How does Lynch regard negative operating cash flow despite reported net income?","He flags potential accounting anomalies or capital outlay that’s not translating into real profit."
"Why does Lynch pay attention to price elasticity for consumer products?","He wants to know if the company can raise prices without losing customers."
"What does Lynch say about businesses heavily reliant on government subsidies?","He sees it as risky if political shifts can abruptly end or reduce those subsidies."
"How does Lynch track competitor earnings calls in the same sector?","He compares strategies and performance to gauge who’s gaining or losing market share."
"Why does Lynch measure a company’s brand recognition efforts?","He believes widespread brand awareness can translate into sustained sales growth."
"What is Lynch’s perspective on leveraged buyouts (LBOs)?","He checks if debt burdens post-LBO hamper the company’s ability to invest and grow."
"How does Lynch interpret an expanding profit margin with flat revenues?","He investigates if cost reductions are sustainable or just short-term measures."
"Why does Lynch consider a company’s approach to environmental impacts?","He thinks future regulations or public sentiment can hurt polluting businesses."
"What does Lynch think of businesses that frequently change their corporate name or identity?","He sees it as a potential red flag, possibly masking deeper strategic confusion."
"How does Lynch weigh the impact of share option grants for executives?","He calculates potential dilution and whether performance metrics justify rewards."
"Why does Lynch read about insider stock pledges as collateral for personal loans?","He’s concerned if insiders might face forced liquidation during price declines."
"What is Lynch’s stance on businesses with negative tangible book value?","He’s careful unless the firm’s intangible assets, like a strong brand, genuinely justify it."
"How does Lynch approach companies boasting about future breakthroughs without present revenues?","He wants concrete evidence of eventual profitability, not just promises."
"Why does Lynch note the ratio of research spending to sales?","He checks if R&D is proportionate to the firm’s size and necessary to maintain competitiveness."
"What does Lynch think when a firm frequently changes auditors?","He’s suspicious of possible disputes over accounting practices or lack of transparent financials."
"How does Lynch view companies that outsource most of their production?","He verifies supply chain stability and margin control, ensuring the outsourcing model is reliable."
"Why does Lynch consider employee satisfaction surveys?","He believes content employees improve service quality, retention, and ultimately performance."
"What is Lynch’s opinion on companies that rely on heavy advertising budgets?","He sees if brand awareness turns into real sales or if high ad spend simply patches weak demand."
"How does Lynch evaluate the risk of substitute products for a company’s offerings?","He checks if new technologies or competitors can easily replace the firm’s products."
"Why does Lynch watch for unusual spikes in accounts receivable?","He worries the company might be booking sales prematurely or struggling to collect payment."
"What does Lynch say about partial spinoffs or partial divestitures?","He examines if the separation clarifies valuation or if it’s just a cosmetic reorganization."
"How does Lynch handle annual losses in a high-growth company?","He’ll accept short-term losses if they’re strategically driving future profitable growth."
"Why does Lynch keep tabs on management’s public interviews?","He looks for consistency and depth in explaining strategy, possibly spotting hidden concerns or confidence."
"What is Lynch’s take on margin expansion driven solely by cost-cutting?","He prefers structural growth in margins, not just one-time efficiency gains that may plateau."
"How does Lynch view shareholder loyalty programs or perks?","He finds them minor but appreciates efforts that build a dedicated shareholder base."
"Why does Lynch gauge management’s willingness to adapt to changing technology?","He believes adaptability can preserve market share when industries evolve."
"What does Lynch think about negative working capital business models?","He’s intrigued if a firm can finance operations with customer prepayments, boosting cash flow."
"How does Lynch regard micro-cap stocks?","He sees potential outsized gains but warns that liquidity and volatility risks are higher."
"Why does Lynch caution on utility-like companies promising rapid growth?","He’s skeptical because traditional utilities often face regulatory caps on returns."
"What is Lynch’s stance on businesses diversifying into unrelated fields?","He sees risk in losing focus and synergy, unless leadership has a proven integration plan."
"How does Lynch analyze deferred revenue balances?","He checks if it indicates robust future sales or if the firm is overpromising services."
"Why does Lynch consider capital allocation to research vs. marketing budgets?","He wants a balanced approach: enough R&D to innovate, enough marketing to monetize innovations."
"What does Lynch say about businesses with lots of intangible goodwill on the balance sheet?","He checks if goodwill impairment is likely or if past acquisitions genuinely create long-term value."
"How does Lynch interpret consistent underestimation of costs in project rollouts?","He suspects poor planning or mismanagement, which may reduce profitability over time."
"Why does Lynch focus on real estate holdings for certain corporations?","He notes land or property can act as a hidden asset if undervalued on the books."
"What is Lynch’s perspective on companies offering high-yield debt?","He’s cautious if high yields reflect a significant risk of default or unsustainable leverage."
"How does Lynch handle hyper-growth tech companies?","He carefully checks if rapid revenue expansion is sustainable or if valuations are purely speculative."
"Why does Lynch monitor a firm’s competitor expansions or bankruptcies?","He discerns if market dynamics shift to favor or hurt the firm he’s evaluating."
"What does Lynch think of deep-value stocks with questionable business models?","He may pass if there’s no clear catalyst for improvement or if the core model is structurally flawed."
"How does Lynch analyze progressive dividend policies for cyclical firms?","He checks if dividends can be maintained during industry downturns or if cuts are likely."
"Why does Lynch question repeated changes in a firm’s core product strategy?","He sees it as possible confusion or desperation if management lacks a clear identity."
"What is Lynch’s position on brand licensing deals?","He evaluates if licensing adds profitable streams or merely dilutes the brand for short-term gains."
"How does Lynch interpret a company’s corporate social responsibility (CSR) initiatives?","He considers them positive if they align with business goals and avoid draining profits."
"Why does Lynch read a firm’s risk factor disclosures in reports?","They often reveal management’s view of competitive threats, litigation, or regulatory hurdles."
"What does Lynch say about companies with complicated minority investments?","He checks if these stakes create synergy or if they obscure the firm’s true earnings potential."
"How does Lynch react to a lack of buy recommendations from major analysts?","He sometimes sees it as an opportunity if fundamentals are strong but undercovered."
"Why does Lynch scrutinize revenue recognition policies?","He wants to confirm sales are recorded accurately and not front-loaded to inflate short-term numbers."
"What is Lynch’s outlook on industries prone to disruptive regulatory changes?","He invests cautiously, aware that legal shifts can rapidly change profit dynamics."
"How does Lynch weigh a company’s readiness for economic downturns?","He checks cash reserves, flexible cost structures, and a history of surviving past recessions."
"Why does Lynch see large litigation settlements as concerning?","They can drain resources, harm reputation, and indicate systemic corporate governance issues."
"What does Lynch think about investing in spin-outs from large tech giants?","He evaluates if the spin-out has competitive independence or if it’s overshadowed by the parent."
"How does Lynch regard companies with all-star boards of directors?","He appreciates experienced boards but checks if they’re truly active or just a prestigious list."
"Why does Lynch believe a spike in short interest might be a warning?","It can indicate insiders or professional traders expect bad news or overvaluation."
"What is Lynch’s take on activist-led breakups of conglomerates?","He examines if separating divisions unlocks hidden value or if synergy is lost."
"How does Lynch address changes in a company’s credit rating?","He monitors if a downgrade boosts borrowing costs and strains financial flexibility."
"Why does Lynch analyze a firm’s approach to data security and privacy?","He foresees liabilities or lost consumer trust if breaches occur, harming brand and revenue."
"What does Lynch say about firms pivoting toward subscription-based models?","He sees stable recurring revenue potential but checks if customers truly benefit long-term."
"How does Lynch evaluate expansion via franchising?","He assesses brand control, franchisee profitability, and risk of overexpansion."
"Why does Lynch recommend re-checking major assumptions periodically?","He says businesses evolve, and outdated assumptions can skew your investment thesis."
"What is Lynch’s reaction to inflated executive pay packages?","He questions alignment with shareholder returns; excessive pay may reflect poor governance."
"How does Lynch treat industries reliant on consumer credit, like auto or furniture sales?","He watches interest rates and credit conditions that could dampen demand quickly."
"Why does Lynch watch a company’s philanthropic endeavors?","He sees if they strengthen community ties and brand goodwill or if they’re mere PR stunts."
"What does Lynch think of digital-native companies lacking physical footprints?","He checks if their online model is defensible and scalable in a crowded digital marketplace."
"How does Lynch interpret high levels of intangible software development costs?","He evaluates if the software is a competitive advantage or an unproductive R&D black hole."
"Why does Lynch consider median employee pay data?","He gauges internal wage fairness and potential morale issues affecting productivity."
"What is Lynch’s stance on political lobbying expenses?","He checks if they’re necessary for the industry or a sign the business depends on favorable regulations."
"How does Lynch approach defensive industries like healthcare or utilities?","He values their stable demand but wants to ensure growth potential or fair valuation."
"Why does Lynch read notes on pension liabilities in financial statements?","Underfunded pensions can become a future drain on earnings and balance sheet health."
"What does Lynch think of frequent intangible asset write-downs?","He suspects management overpaid for acquisitions or faced an unexpected drop in intangible value."
"How does Lynch view subscription churn rates for SaaS firms?","He sees churn as critical; high churn suggests customers aren’t finding lasting value."
"Why does Lynch care about the CEO’s communication style on calls?","Clear, direct communication suggests confidence and transparency; evasiveness may hide issues."
"What is Lynch’s approach to highly cyclical industrial equipment manufacturers?","He attempts to buy at the bottom, waiting for capital spending cycles to turn upward."
"How does Lynch view corporate charitable foundations run by the company?","He weighs if it’s a genuine corporate responsibility effort or a vanity project draining funds."
"Why does Lynch assess the ratio of insider selling vs. buying?","Heavy selling could signal insiders believe shares are overvalued or future performance is shaky."
"What does Lynch say about companies with high quarterly revenue fluctuation?","He checks if seasonality or erratic demand patterns complicate consistent growth."
"How does Lynch interpret a firm’s plan to ‘invest heavily now for future returns’?","He looks for specific milestones and evidence the investment will yield profit later."
"Why does Lynch like a steady operating expense ratio?","He prefers predictable costs, indicating disciplined cost management and stable planning."
"What is Lynch’s advice on penny stocks?","He generally avoids them, citing high volatility, liquidity issues, and speculative business models."
"How does Lynch evaluate the success of mergers post-integration?","He tracks whether combined operations produce synergy, or if culture clashes hamper results."
"Why does Lynch consider plant utilization rates for manufacturers?","Low utilization may hint at underused capacity, while high rates indicate efficiency and strong demand."
"What does Lynch think about management’s approach to currency hedging?","He checks if hedging smooths earnings or if speculation on currency can backfire."
"How does Lynch treat companies reliant on government-approved pricing (like Medicare rates)?","He’s cautious since regulatory changes can sharply alter profitability."
"Why does Lynch favor companies with a history of consistent share retirement?","Reducing shares can boost EPS if funded responsibly and reflects management’s confidence."
"What is Lynch’s perspective on businesses in heavily unionized sectors?","He monitors labor relations stability, contract costs, and potential strike risks."
"How does Lynch interpret a sudden surge in capital expenditures?","He checks if it’s fueling expansion or just maintenance; big expansions must be justified by demand."
"Why does Lynch see intangible brand value as a moat?","He believes strong brand loyalty can defend pricing power and preserve market share."
"What does Lynch say about real estate developers with excessive land banking?","He’s wary if holding undeveloped land ties up capital and lacks near-term income potential."
"How does Lynch regard supply-side disruptions for manufacturers?","He watches if they can swiftly adapt or if they’ll lose market share to more agile competitors."
"Why does Lynch evaluate the efficacy of loyalty programs?","He wants to see if repeat buyers significantly enhance revenue predictability."
"What is Lynch’s view on open-source software models?","He checks if the firm has a proven monetization strategy, not just free distribution."
"How does Lynch handle industries with high break-even points, like airlines?","He invests cautiously due to narrow margins and vulnerability to external shocks."
"Why does Lynch note operational risk in companies with dangerous facilities or products?","Accidents or lawsuits can severely impact finances and brand image."
"What does Lynch say about corporate synergy claims that never materialize?","He sees broken synergy promises as signs management might be overoptimistic or misleading."
"How does Lynch evaluate a firm’s e-commerce transition strategy?","He checks if the business can scale online while managing logistics and customer satisfaction."
"Why does Lynch stress studying the history of dividend reinstatements or cuts?","He wants to see how management prioritizes shareholder returns over time."
"What is Lynch’s tactic for consumer tech hardware companies?","He considers product lifecycles, competition, and the risk of rapid obsolescence."
"How does Lynch judge marketing ROI for brand-building campaigns?","He examines whether brand spend translates into meaningful revenue and customer retention."
"Why does Lynch consider a company’s stance on patents nearing expiration?","He checks if upcoming patent cliffs threaten revenue or if new replacements are in the pipeline."
"What does Lynch think about contrarian investing in out-of-favor sectors?","He likes it if the sector is temporarily depressed, but only invests in strong, undervalued names."
"How does Lynch interpret rising days sales outstanding (DSO)?","He questions if customers are taking longer to pay, indicating weaker demand or looser credit."
"Why does Lynch investigate product recall histories?","He wants to see if quality control is an issue and if recalls damage brand reputation."
"What is Lynch’s angle on subscription-based auto-renewal models?","He checks if renewal is easy for consumers and if churn remains low after initial sign-ups."
"How does Lynch approach telecommunication giants facing heavy regulation?","He invests if they manage regulatory hurdles well and maintain stable cash flows."
"Why does Lynch weigh the correlation between commodity prices and a firm’s earnings?","He aims to distinguish cyclical commodity-driven profits from genuine operational improvements."
"What does Lynch say about corporate expansions through franchising abroad?","He’s cautious of cultural differences, local tastes, and management’s ability to adapt."
"How does Lynch regard the risk of rapid new competitor entries?","He checks moats, brand loyalty, and cost advantages to see if the incumbent can defend market share."
"Why does Lynch measure sales-per-square-foot for retailers?","He wants a quick gauge of store productivity and whether expansion is justified."
"What is Lynch’s reaction to companies offering huge future revenue projections without proof?","He sees it as speculative; demands more tangible evidence or pilot program success."
"How does Lynch treat management’s investor day presentations?","He looks for concrete updates, not just promotional hype or overly optimistic forecasts."
"Why does Lynch emphasize recurring revenue models?","He values predictable income streams that can compound growth over time."
"What does Lynch think of minimal R&D spending in a fast-evolving tech sector?","He sees it as risky if rivals innovate faster, potentially rendering the firm’s offerings obsolete."
"How does Lynch analyze operational bottlenecks in manufacturing?","He checks if they limit output, add costs, or hamper timely delivery to customers."
"Why does Lynch look for stock buyback trends over multiple quarters?","He wants to see if buybacks are systematic or just a one-time effort to boost short-term EPS."
"What is Lynch’s stance on leveraged recapitalizations?","He’s wary if increased debt threatens stability or only enriches certain stakeholders."
"How does Lynch interpret surging R&D spending that doesn’t translate into new products?","He doubts management’s ability to convert research into marketable innovations."
"Why does Lynch evaluate the lifetime value (LTV) of a customer for subscription models?","He considers if acquisition costs are worthwhile compared to the revenue each customer generates."
"What does Lynch say about businesses stuck in price competition with no differentiation?","He expects low margins and volatile earnings, making them unattractive unless cheaply valued."
"How does Lynch examine management’s crisis handling track record?","He notes how they navigated past recessions or disruptions, seeing if they protected shareholder value."
"Why does Lynch believe in verifying a company’s real estate footprints vs. online presence?","He checks if the firm invests in the right channels, balancing physical and digital retail effectively."
"What is Lynch’s view on heavy insider trading right after public announcements?","He questions timing; if it’s too close to material news, it might signal deeper insider knowledge or risk."
"How does Lynch factor philanthropic donations into brand building?","He sees them as beneficial if they align with customer values and strengthen loyalty."
"Why does Lynch assess the ratio of new customers to repeat customers in certain businesses?","He gauges if growth stems from marketing hype or genuine ongoing demand."
"What does Lynch think of businesses with overly optimistic press releases?","He’s skeptical, preferring fact-based performance metrics over marketing spin."
"How does Lynch interpret specialized or custom manufacturing processes?","He checks if uniqueness grants pricing power and a moat, or just adds operational complexity."
"Why does Lynch track wage inflation in labor-intensive sectors?","Rising wages can compress margins if the company can’t offset costs with higher prices or efficiency."
"What is Lynch’s approach to electric vehicle startups?","He demands a clear production path, proven technology, and realistic sales targets before investing."
"How does Lynch treat hidden liabilities, like off-balance-sheet leases?","He factors them into overall debt, wary of companies disguising real leverage."
"Why does Lynch look at net promoter scores (NPS)?","He sees NPS as a proxy for customer satisfaction and potential organic growth through referrals."
"What does Lynch say about micro-lending platforms or fintech startups?","He checks default rates, regulatory scrutiny, and scalability beyond a niche user base."
"How does Lynch handle quarterly guidance drastically revised mid-year?","He reevaluates trust in management’s forecasting ability and the reasons for the sudden change."
"Why does Lynch track shipping costs and logistics constraints?","These can impact margins for companies dependent on complex supply chains or large freight volumes."
"What is Lynch’s perspective on antibiotic-free or organic product trends?","He sees them as potential growth drivers if consumer demand remains strong and pricing is viable."
"How does Lynch interpret large intangible line items such as customer lists from acquisitions?","He checks if the acquired lists truly generate incremental revenue or risk quick obsolescence."
"Why does Lynch prefer sometimes to invest in mid-cap stocks over large caps?","He sees mid-caps as having more room to grow while often being less volatile than small caps."
"What does Lynch think about banks with a high loan-to-deposit ratio?","He’s cautious if they’re overextended, especially in a stressed economic environment."
"How does Lynch investigate supply chain backlogs for hardware-oriented companies?","He looks at the extent of unfilled orders and potential lost sales due to production delays."
"Why does Lynch warn about commodity-like products with minimal brand loyalty?","He expects razor-thin margins and intense pricing pressure, reducing long-term profitability."
"What is Lynch’s stance on businesses heavily dependent on third-party marketplaces like Amazon?","He worries about platform risks if Amazon changes terms or competes directly."
"How does Lynch see philanthropic giving that closely aligns with brand identity?","He believes it can enhance brand reputation and strengthen emotional consumer connections."
"Why does Lynch consider working capital efficiency crucial?","Efficient working capital management boosts cash flow and reduces the need for external financing."
"What does Lynch say about frequent changes in management guidance methodology?","He suspects management might be masking performance or resetting expectations artificially."
"How does Lynch treat corporate spin-offs that still rely on the parent for distribution?","He assesses if the spin-off truly gains independence or remains tethered to the parent’s fortunes."
"Why does Lynch track research progress in biotech firms?","He checks trial data, approval timelines, and the viability of drug pipelines."
"What is Lynch’s viewpoint on companies offering membership models with perks?","He sees it as potentially sticky revenue if perks drive loyalty and recurring spending."
"How does Lynch interpret contradictory signals from a company’s official guidance vs. SEC filings?","He investigates possible discrepancies; management might be more optimistic than legal disclosures."
"Why does Lynch advocate understanding seasonality in certain industries?","Seasonal demand shifts can skew earnings and mislead investors if not accounted for."
"What does Lynch think of contrarian bets on industries with poor public perception?","He invests only if fundamentals look better than the sentiment suggests, and if risks are controlled."
"How does Lynch weigh incremental cost of adding new customers in subscription models?","He checks if acquisition costs remain low enough to ensure high lifetime profitability."
"Why does Lynch pay attention to companies opening new distribution centers?","He wants to see if expansion capacity matches demand and if it improves service levels."
"What is Lynch’s perspective on firms ramping up share issuance to fund operations?","He’s wary if dilution outpaces profit growth, reducing per-share value."
"How does Lynch treat revenue synergies claimed by merging companies?","He carefully verifies if synergy targets are realistic or inflated to justify the merger."
"Why does Lynch examine the frequency of special, one-time charges each year?","Frequent “one-time” charges can obscure true earnings power and indicate repeated missteps."
"What does Lynch say about brand partnerships with celebrities or influencers?","He checks if the partnership drives real sales or is just costly marketing hype."
"How does Lynch interpret a buildup in contract liabilities on the balance sheet?","He sees it as prepaid obligations that can secure future revenue, provided the firm delivers."
"Why does Lynch keep an eye on companies pivoting from hardware to services?","He analyzes if services can provide recurring revenue and higher margins than hardware alone."
"What is Lynch’s method for evaluating advertising-based revenue models?","He checks user engagement, ad pricing, and whether the firm can sustain traffic growth."
"How does Lynch handle firms with consistent negative free cash flow?","He needs a strong justification that the spending truly drives substantial future returns."
"Why does Lynch see net margin expansion as a key indicator?","He believes rising net margins show pricing strength or cost efficiency, signaling healthy fundamentals."
"What does Lynch think about licensing out proprietary technology?","He checks if licensing provides stable royalties or risks creating future competitors."
"How does Lynch interpret a high ratio of intangible assets to total assets?","He’s cautious if intangible valuations are subjective and susceptible to write-down."
"Why does Lynch study distributor relationships for consumer product companies?","Distributors can strongly influence shelf space and thus the brand’s market penetration."
"What is Lynch’s attitude toward big data or AI claims in corporate presentations?","He demands clear evidence of how these technologies boost revenue or reduce costs, not just buzzwords."
"How does Lynch view a firm’s approach to corporate IT spending?","He monitors if digital investments yield better productivity or customer experience improvements."
"Why does Lynch look into corporate tax incentives or rebates?","He knows they can temporarily boost earnings, but changes in tax policy might remove that advantage."
"What does Lynch say about companies with unclear financial segment reporting?","He’s uneasy if he can’t break down which products or services drive profitability."
"How does Lynch treat big philanthropic pledges that overshadow profits?","He questions if the initiative serves shareholders or if it compromises capital needed for growth."
"Why does Lynch rate rising retention rates so highly for subscription models?","High retention indicates strong customer satisfaction and stable recurring revenue."
"What is Lynch’s view on reverse stock splits?","He’s neutral; they may clean up a low share price but don’t fix underlying business issues."
"How does Lynch interpret a spiking backlog with little revenue growth?","He wonders if the company can’t convert orders to sales quickly, indicating operational bottlenecks."
"Why does Lynch analyze competitor pricing in commoditized industries?","He gauges if the firm can maintain or improve margins amid intense price competition."
"What does Lynch say about using unusual KPIs like “daily active users” or “time spent”?","He wants to ensure they translate into monetizable growth, not just vanity metrics."
"How does Lynch study environmental compliance costs for heavy industries?","He factors in future capex needed to meet regulations, which can erode profitability."
"Why does Lynch consider the success of pilot programs for new products or markets?","They can validate demand before a costly wide-scale rollout."
"What is Lynch’s advice regarding sector rotation strategies?","He doesn’t time sectors aggressively, focusing on finding solid companies regardless of short-term trends."
"How does Lynch interpret delayed product launches that keep slipping deadlines?","He suspects management might be overpromising or facing development woes."
"Why does Lynch care about labor cost fluctuations in low-margin businesses?","Small wage increases can significantly reduce already-thin profits."
"What does Lynch think about outsourcing innovation via partnerships rather than internal R&D?","He checks if these partnerships are cost-effective or if the firm loses strategic control."
"How does Lynch approach companies shifting from direct sales to channel sales?","He ensures the channel strategy won’t dilute brand control or hamper profit margins."
"Why does Lynch track raw materials inventory for manufacturers?","Excess raw materials might indicate poor demand forecasting or upcoming cost issues if prices fall."
"What is Lynch’s perspective on brand ambassadors or sponsored events?","He checks if these strategies genuinely grow market share or are mere publicity stunts."
"How does Lynch evaluate short-term borrowing spikes?","He sees if it’s for seasonal inventory or a warning sign of deeper liquidity problems."
"Why does Lynch measure the adoption rate of new features in software updates?","High adoption signals user engagement, while low adoption suggests wasted development."
"What does Lynch say about long lead times for custom product orders?","He wonders if high lead times risk losing impatient customers or hamper revenue timing."
"How does Lynch interpret a boom in venture capital funding for a sector?","He warns it can fuel competition and overvaluation, eventually leading to shakeouts."
"Why does Lynch remain skeptical of one-product companies?","If that product falls out of favor, the entire business could collapse quickly."
"What is Lynch’s view on horizontally integrating with complementary firms?","He looks for synergy in combined customer bases or cost savings, not just expansion for expansion’s sake."
"How does Lynch judge claims of high switching costs for users?","He seeks proof that customers truly face obstacles or reluctance to switch to rivals."
"Why does Lynch see stable supplier relationships as critical?","Supplier disruptions can halt production, delay deliveries, and harm brand reputation."
"What does Lynch advise about grand expansion plans in foreign markets?","He checks cultural alignment, operational readiness, and prior success with smaller-scale expansions."
"How does Lynch approach net debt-to-EBITDA ratios?","He wants to see moderate leverage that companies can handle under normal earnings conditions."
"Why does Lynch analyze productivity metrics like revenue per employee?","It helps assess efficiency and compare similar businesses in the same sector."
"What is Lynch’s perspective on cyclical shipping or freight companies?","He buys when shipping rates are depressed, selling as they recover in an upcycle."
"How does Lynch interpret a narrow product lineup?","He’s wary of vulnerability to shifts in consumer preferences or competitor innovation."
"Why does Lynch ask if management invests heavily in staff training?","Skilled employees can drive better customer service, product development, and brand value."
"What does Lynch say about carbon footprint disclosures for industrial firms?","He foresees rising costs or regulation if carbon reductions become mandatory."
"How does Lynch factor in philanthropic or cause marketing in consumer goods?","He checks if cause marketing resonates with core customers or is mere window dressing."
"Why does Lynch stress examining intangible brand equity for fashion labels?","Fashion relies heavily on perceived brand value; if it fades, sales can drop abruptly."
"What is Lynch’s stance on marketplace platforms that connect buyers and sellers?","He checks network effects and user growth to ensure the platform can scale profitably."
"How does Lynch approach negative headlines about a CEO’s personal conduct?","He investigates if it impacts the brand, leadership stability, or legal liabilities."
"Why does Lynch analyze the proportion of short-cycle vs. long-cycle revenue streams?","He wants to see if earnings are stable or volatile based on contract lengths and renewal rates."
"What does Lynch think about companies that don’t pay dividends but buy back shares?","He’s fine if shares are undervalued and buybacks enhance per-share metrics responsibly."
"How does Lynch interpret a strong correlation between a firm’s sales and oil prices?","He recognizes that external commodity factors can overshadow internal strengths or weaknesses."
"Why does Lynch question whether a company depends on a single social media channel for marketing?","A platform policy change or reduced reach could abruptly cut customer acquisition."
"What is Lynch’s view on short-term CFO contracts or interim appointments?","He’s concerned if it suggests financial leadership instability or unresolved corporate issues."
"How does Lynch evaluate direct-to-consumer (D2C) brand strategies?","He checks marketing efficiency, fulfillment logistics, and margins vs. retail distribution channels."
"Why does Lynch track reorder rates for subscription or consumable products?","He sees reorder frequency as an indicator of recurring demand and customer satisfaction."
"What does Lynch say about inflated intangible asset values post-acquisition?","He worries future impairments might hit earnings if the deal doesn’t meet lofty expectations."
"How does Lynch assess companies touting user growth but lacking revenue growth?","He questions monetization strategies and whether those users eventually convert to paying customers."
"Why does Lynch emphasize reading footnotes in financial filings?","He finds crucial details or red flags often buried in footnotes, clarifying official statements."
"What is Lynch’s angle on biotech companies that repeatedly fail clinical trials?","He’s skeptical unless new data suggests a strong chance of success for a revised approach."
"How does Lynch treat intangible brand valuations from third-party appraisers?","He’s cautious, as subjective appraisals might be inflated without actual market validation."
"Why does Lynch focus on stable average selling prices (ASP) for product-based companies?","Falling ASPs could indicate commoditization or discounting, while stable or rising ASPs support margins."
"What does Lynch think about heavily marketing-driven companies that underinvest in R&D?","He worries they might lack innovation, risking long-term competitiveness."
"How does Lynch regard gross merchandise volume (GMV) metrics in e-commerce?","He verifies if GMV growth translates into real revenue, factoring in returns or canceled orders."
"Why does Lynch consider employee stock ownership plans (ESOPs)?","He views ESOPs as an alignment tool if employees act more like owners, but checks dilution."
"What is Lynch’s stance on repeated product delays in hardware rollouts?","He sees it as a red flag, questioning management’s execution and reliability."
"How does Lynch evaluate diverse business segments within a conglomerate?","He separates each segment’s fundamentals to see if certain divisions drag down overall results."
"Why does Lynch advise caution around companies with significant intangible brand acquisitions?","He suspects synergy claims may be inflated and brand values can erode over time."
"What does Lynch say about data usage metrics for social media platforms?","He checks if daily users and engagement rise or plateau, directly impacting ad revenue potential."
"How does Lynch view frequent rebranding campaigns?","He worries the firm lacks a cohesive identity or is struggling to retain customers under one brand."
"Why does Lynch measure the difference between gross and net margin over multiple quarters?","He tracks if overhead or other expenses creep up, eating into profits gradually."
"What is Lynch’s mindset for industries prone to frequent recalls, like automotive or toys?","He invests in companies with robust safety records and proactive quality control to avoid brand damage."
"How does Lynch respond to uncertain regulatory approvals for new drugs or devices?","He invests cautiously, factoring the risk of rejection or delays that could derail the company."
"Why does Lynch examine brand extension strategies?","He checks if extending the brand to new categories will resonate with customers or dilute brand focus."
"What does Lynch think about specialized finance companies focusing on niche lending?","He sees opportunity if default rates are manageable and the niche is underserved by big banks."
"How does Lynch handle rumors of major corporate partnerships not yet confirmed?","He ignores rumors until official announcements, wary of hype that may not materialize."
"Why does Lynch track a company’s philanthropic donations as a percentage of net income?","Excessive giving might cut into profits; moderate, aligned donations can boost goodwill."
"What is Lynch’s perspective on  shareholder derivative lawsuits?","He’s wary of potential reputational harm and management distraction, checking if claims are substantial."
"How does Lynch interpret expansions into licensing the company’s brand in foreign markets?","He sees it as a low-capital strategy for growth, but only if the brand remains controlled and reputable."
"Why does Lynch emphasize understanding the business cycle for real estate developers?","He knows property values can swing wildly, making timing crucial for stable returns."
"What does Lynch say about generational leadership transitions in family-owned firms?","He checks if the successors maintain the founder’s vision or if nepotism undermines performance."
"How does Lynch view potential class-action suits from disgruntled customers?","He investigates if the product claims are valid and whether litigation costs might balloon."
"Why does Lynch measure the ratio of maintenance capex to growth capex?","He wants to see if the firm invests heavily in expansion or mostly patching existing operations."
"What is Lynch’s take on dual-class share structures granting founders controlling votes?","He’s cautious if minority shareholders lack sufficient rights or accountability from management."
"How does Lynch treat rumors of private equity buyouts?","He watches if the stock is undervalued, but avoids speculation if no concrete offer emerges."
"Why does Lynch check a company’s B2B relationships and contract durations?","Long contracts can stabilize revenue, but short renewals risk churn or price renegotiation."
"What does Lynch say about consumer sentiment in early product launch stages?","He sees initial feedback as crucial to scaling up or pivoting product strategy quickly."
"How does Lynch interpret progressive declines in same-store sales for retailers?","He worries about brand fatigue, competitive pressure, or subpar store execution."
"Why does Lynch emphasize CEO accountability for missed milestones?","He believes consistent underdelivery erodes trust and might signal deeper management flaws."
"What is Lynch’s stance on companies adopting new corporate structures like REIT conversions?","He evaluates if the move truly benefits shareholders or is a tax/regulatory maneuver."
"How does Lynch assess corporate open innovation or incubator programs?","He checks if they foster profitable spin-offs or are just PR plays with minimal ROI."
"Why does Lynch look at short-term financing to fund day-to-day operations?","It can signal potential liquidity issues if the firm can’t generate enough internal cash."
"What does Lynch think about multiple acquisitions in a single year?","He examines integration risk and whether management can handle merging distinct cultures rapidly."
"How does Lynch gauge demand for maintenance or aftermarket services in manufacturing?","He sees recurring service revenue as a strong profit stream beyond initial product sales."
"Why does Lynch observe brand switching trends in consumer goods?","He checks if customers are loyal or easily enticed by competitor promotions and improvements."
"What is Lynch’s viewpoint on a surge in intangible brand revaluation?","He’s skeptical; upward revaluations might be used to inflate asset values without real cash flow impact."
"How does Lynch interpret minimal marketing spend in a newly competitive market?","He questions if the company can defend market share or if it’s surrendering ground to aggressive rivals."
"Why does Lynch highlight CEO public statements vs. official filings?","He compares them for consistency, wary if the CEO’s hype isn’t supported by filed documents."
"What does Lynch say about large philanthropic branding campaigns overshadowing products?","He warns that the core business must remain the focus, or investor returns may suffer."
"How does Lynch handle an unexpected product recall just after launch?","He checks if quality control lapses are isolated or systemic, impacting long-term brand trust."
"Why does Lynch evaluate land-use rights for companies operating internationally?","He’s aware local regulations or disputes can disrupt business if land rights aren’t secure."
"What is Lynch’s reaction to extensive marketing spend without revenue growth?","He suspects inefficiency or that the product doesn’t resonate with the target market."
"How does Lynch interpret rapid price hikes amid stable input costs?","He sees if it’s a sign of strong market power or an attempt to boost margins before demand declines."
"Why does Lynch consider the CEO’s stance on share dilution via secondary offerings?","He wants management that issues new shares prudently, only if it fuels profitable expansion."
"What does Lynch think of spin-offs that retain intercompany agreements?","He wonders if these deals hamper true autonomy or transfer profits artificially."
"How does Lynch approach enterprise software firms with high annual subscription renewal rates?","He sees stable ARR as a strong sign of durable customer relationships and recurring revenue."
"Why does Lynch check if companies partially hedge commodity inputs?","He sees if partial hedging balances cost stability with potential upside from favorable price moves."
"What is Lynch’s perspective on asset write-ups after acquisitions?","He’s cautious if management inflates intangible asset values to justify a high purchase price."
"How does Lynch interpret a new marketing angle that contradicts previous brand messaging?","He questions brand consistency and whether the shift might confuse loyal customers."
"Why does Lynch weigh optionality in a company’s pipeline of product expansions?","Potential new lines can multiply growth avenues, but only if realistically executed."
"What does Lynch say about rural-focused retail chains?","He sees a niche if they effectively serve markets big retailers overlook, but checks local competition carefully."
"How does Lynch view negative shareholder equity from accumulated losses?","He’s extremely cautious unless there’s a convincing turnaround plan or strong intangible brand value."
"Why does Lynch pay attention to active vs. inactive user ratios for online services?","He gauges true engagement, not just sign-ups or inflated user figures."
"What is Lynch’s approach to high upfront customer acquisition costs?","He checks if lifetime revenue justifies steep acquisition spending and if payback periods are short enough."
"How does Lynch interpret management’s evasive answers on earnings calls?","He suspects they might be hiding problems or lack a clear strategy for upcoming challenges."
"Why does Lynch review changes in product return policies or warranty costs?","He sees if the firm faces rising product defects or unsatisfied customers, impacting profits."
"What does Lynch think about big philanthropic gestures that coincide with negative earnings news?","He wonders if management tries to distract from poor results with socially appealing announcements."
"How does Lynch judge data center expansions for cloud service providers?","He checks if expansions match user growth demand or risk oversupply of capacity."
"Why does Lynch factor in greenhouse gas emissions caps for heavy polluters?","He foresees potential carbon taxes or regulation that could spike operating costs."
"What is Lynch’s stance on building up large intangible brand portfolios across multiple countries?","He checks local brand traction and whether each international brand truly performs well."
"How does Lynch interpret recurring lawsuits over intellectual property disputes?","He’s wary; they can be a sign of a litigious industry or poor IP strategies draining resources."
"Why does Lynch weigh website traffic metrics for online retailers?","He sees traffic as an indicator of e-commerce growth potential and brand popularity."
"What does Lynch say about insufficient capital to fund expansions?","He sees stunted growth if the firm can’t raise funds or reinvest from existing profits effectively."
"How does Lynch regard overly optimistic synergy estimates in M&A deals?","He’s cautious, having seen many deals fail to realize promised cost savings or revenue growth."
"Why does Lynch watch local consumer confidence indexes for certain businesses?","These metrics can signal near-term sales trends, especially for discretionary goods."
"What is Lynch’s outlook on repeated acquisitions in foreign markets with complex regulations?","He worries about integration challenges, cultural mismatches, and regulatory pitfalls."
"How does Lynch interpret a mismatch between strong brand recognition but weak sales growth?","He investigates if brand awareness fails to convert into actual purchasing, perhaps due to pricing or competition."
"Why does Lynch check a company’s presence on new social media platforms?","He sees it as a modern marketing channel that can expand reach if used effectively."
"What does Lynch think of businesses outsourcing R&D to consultants?","He questions if losing in-house expertise might weaken innovation or create dependency on third parties."
"How does Lynch evaluate warehouse automation investments for e-commerce operations?","He checks if automation reduces costs, speeds delivery, and boosts order accuracy for customer satisfaction."
"Why does Lynch look at a firm’s net expansion rate in B2B SaaS?","A positive net expansion indicates existing customers are spending more over time, fueling organic growth."
"What is Lynch’s concern about brand pivoting to chase each new trend?","He sees potential dilution of core identity, risking losing loyal customers without gaining new ones effectively."
"How does Lynch interpret partial sales of non-core divisions?","He checks if management is refocusing on profitable lines or just raising cash to cover issues elsewhere."
"Why does Lynch examine repeated changes to a company’s revenue recognition method?","He suspects possible attempts to smooth earnings or artificially accelerate revenue."
"What does Lynch say about subscription models in historically one-time purchase industries?","He sees potential recurring revenue but wonders if consumers truly want ongoing fees or if it’s forced."
"How does Lynch view abrupt expansions into franchised international markets with minimal local expertise?","He doubts success unless the brand and model adapt well to regional preferences."
"Why does Lynch note a surge in intangible trademark values after rebrands?","He’s wary that rebrand-based intangible valuations might not reflect actual market acceptance yet."
"What is Lynch’s stance on aggregator business models that rely on user reviews and curated listings?","He invests if aggregator traffic leads to strong monetization and a dependable moat from network effects."
"How does Lynch handle unprofitable companies promising scale will fix everything?","He insists on evidence that scaling truly drives operating leverage and will convert losses into profits."
"Why does Lynch track repeat purchase frequency in consumer subscription boxes?","He checks if novelty wears off quickly or if customers remain interested over the long haul."
"What does Lynch think about constant reorganization of sales teams and territories?","He sees it as a sign leadership might be flailing to find a winning strategy."
"How does Lynch interpret persistent negative media coverage about a company’s product safety?","He’s cautious, expecting potential lawsuits, fines, or loss of consumer trust."
"Why does Lynch investigate corporate philanthropy as a percentage of marketing spend?","He discerns if philanthropic efforts serve a marketing function or are genuine philanthropic investments."
